celltype_HCA_fine,Developmental_stage,n_cells
Endo_artery,Adult,7635
Endo_artery,Fetal,2138
Endo_artery,paediatric,1015
Endo_artery,pubertal,444
Endo_artery,postpubertal,35
Endo_cap,Adult,12004
Endo_cap,Fetal,5835
Endo_cap,paediatric,2288
Endo_cap,pubertal,964
Endo_cap,postpubertal,108
Endo_cap_APCDD1,Adult,4587
Endo_cap_APCDD1,paediatric,70
Endo_cap_APCDD1,pubertal,33
Endo_cap_APCDD1,postpubertal,1
Endo_cap_APCDD1+,Fetal,2567
Endo_cap_cycl,Adult,3594
Endo_cap_cycl,Fetal,1425
Endo_cap_cycl,paediatric,58
Endo_cap_cycl,pubertal,4
Endo_cap_kidney,Fetal,548
Endo_cap_tip,Adult,2029
Endo_cap_tip,Fetal,729
Endo_cap_tip,paediatric,586
Endo_cap_tip,pubertal,247
Endo_cap_tip,postpubertal,23
Endo_lymp,Adult,8992
Endo_lymp,Fetal,1233
Endo_lymp,paediatric,101
Endo_lymp,pubertal,49
Endo_ven_apcv,Adult,4844
Endo_ven_apcv,paediatric,7
Endo_ven_hev,Adult,11293
Endo_ven_hev,paediatric,167
Endo_ven_hev,pubertal,31
Endo_ven_hev,postpubertal,4
Endo_ven_pcv,Adult,11287
Endo_ven_pcv,Fetal,2104
Endo_ven_pcv,paediatric,311
Endo_ven_pcv,pubertal,198
Endo_ven_pcv,postpubertal,4
Endo_ven_tpcv,Adult,16669
Endo_ven_tpcv,paediatric,165
Endo_ven_tpcv,pubertal,54
Endo_ven_tpcv,postpubertal,4
Epi_CervixMucinous,Adult,1156
Epi_CervixMucinous_Secretory,Adult,287
Epi_CervixSquamous,Adult,1138
Epi_CervixSquamous_Cyc,Adult,409
Epi_EctocervixVaginaSquamous,Adult,646
Epi_EndoCil_Cyc,Adult,1975
Epi_EndoCil_Diff,Adult,8903
Epi_EndoCil_eProf,Adult,1014
Epi_EndoGlandBas,Adult,748
Epi_EndoGlandBas_WIF1,Adult,1694
Epi_EndoGlandFun_Menstr,Adult,4248
Epi_EndoGlandFun_Prof,Adult,23099
Epi_EndoGlandFun_Prof_Cyc,Adult,12815
Epi_EndoGlandFun_emSec,Adult,18366
Epi_EndoGlandFun_lProf,Adult,11900
Epi_EndoGlandFun_lSec,Adult,1467
Epi_EndoGlandFun_mSec,Adult,25233
Epi_EndoGlandLum_Prof,Adult,9672
Epi_EndoGlandLum_eSec,Adult,24
Epi_EndoGlandLum_mSec,Adult,12046
Epi_EndoGland_nEMC,Adult,18196
Epi_EndoMucinous,Adult,2110
Epi_FallopianCil_Cyc,Adult,547
Epi_FallopianCil_Diff,Adult,12869
Epi_FallopianCil_Early,Adult,460
Epi_FallopianCil_Fetal,Fetal,516
Epi_FallopianSec_Cyc,Adult,560
Epi_FallopianSec_Fetal,Fetal,12310
Epi_FallopianSec_OVGP1hi_EstrInd,Adult,17601
Epi_FallopianSec_OVGP1lo,Adult,13587
Epi_GenitalSurf_Fetal,Fetal,1482
Epi_MesonephricTub_Fetal,Fetal,7359
Epi_Mullerian_Undiff,Fetal,3605
Epi_OvarianInclCil,Adult,20
Epi_OvarianInclSec,Adult,200
Epi_OvarianInclSec,paediatric,2
Epi_ParatubalIncl_squamous,Adult,922
Epi_PrepuceSquamous_Fetal,Fetal,2097
Epi_UGS_Undiff,Fetal,3302
Epi_UrethralSquamous_Fetal,Fetal,1649
Epi_Uterocervical_Fetal,Fetal,7640
Epi_Vagina_Lower_Fetal,Fetal,6047
Epi_Vagina_Upper_Fetal,Fetal,980
Epi_reteOvarii_Fetal_Undiff,Fetal,5796
Germcell_GGCs,Fetal,1861
Germcell_Oogonia_meiotic,Fetal,1622
Germcell_Oogonia_premeiotic,Fetal,3142
Germcell_PGC_Cyc,Fetal,2592
Germcell_PGCs,Fetal,6862
Germcell_PrimaryOocyte_ZP4neg,Fetal,759
Germcell_PrimaryOocyte_ZP4neg,Adult,1
Germcell_PrimaryOocyte_ZP4pos,paediatric,269
Germcell_PrimaryOocyte_ZP4pos,Fetal,63
Germcell_PrimaryOocyte_ZP4pos,Adult,48
Germcell_PrimaryOocyte_ZP4pos,pubertal,11
Gonadal_SomaticPrec,Fetal,8440
Gonadal_SupportingUndiff,Fetal,16769
Gonadal_preGranulosa-CEderived,Fetal,23076
Gonadal_preGranulosa-OSEderived_early,Fetal,6659
Gonadal_preGranulosa-OSEderived_late,Fetal,50633
Granulosa_AMHneg_Atretic,paediatric,1802
Granulosa_AMHneg_Atretic,Adult,775
Granulosa_AMHneg_Atretic,pubertal,379
Granulosa_AMHneg_Atretic,postpubertal,4
Granulosa_AMHneg_Squamous,paediatric,5126
Granulosa_AMHneg_Squamous,pubertal,447
Granulosa_AMHneg_Squamous,Adult,69
Granulosa_AMHneg_Squamous,postpubertal,2
Granulosa_AMHpos_Atretic,paediatric,2843
Granulosa_AMHpos_Atretic,Adult,2536
Granulosa_AMHpos_Atretic,pubertal,58
Granulosa_AMHpos_Atretic,postpubertal,3
Granulosa_AMHpos_Cyc,paediatric,7559
Granulosa_AMHpos_Cyc,Adult,1176
Granulosa_AMHpos_Cyc,pubertal,191
Granulosa_AMHpos_Cyc,postpubertal,1
Granulosa_AMHpos_Steroidogenic,paediatric,14718
Granulosa_AMHpos_Steroidogenic,Adult,931
Granulosa_AMHpos_Steroidogenic,pubertal,157
Granulosa_AMHpos_Steroidogenic,postpubertal,8
Granulosa_AMHpos_nonSteroidogenic,paediatric,560
Granulosa_AMHpos_nonSteroidogenic,Adult,78
Granulosa_AMHpos_nonSteroidogenic,pubertal,51
Granulosa_AMHpos_nonSteroidogenic,postpubertal,5
Granulosa_AMHpos_nonSteroidogenic_early,paediatric,963
Granulosa_AMHpos_nonSteroidogenic_early,Adult,158
Granulosa_AMHpos_nonSteroidogenic_early,pubertal,139
Granulosa_AMHpos_nonSteroidogenic_early,postpubertal,7
Granulosa_sq_Fetal,Fetal,3928
Immune_ASDC,Adult,66
Immune_ASDC,Fetal,2
Immune_ASDC,paediatric,1
Immune_BasoEosino,Adult,33
Immune_BasoEosino,Fetal,7
Immune_CD4_NaiveT,Adult,6039
Immune_CD4_NaiveT,Fetal,118
Immune_CD4_NaiveT,paediatric,9
Immune_CD4_NaiveT,pubertal,3
Immune_CD4_T_Unpolarised,Adult,13013
Immune_CD4_T_Unpolarised,paediatric,94
Immune_CD4_T_Unpolarised,Fetal,46
Immune_CD4_T_Unpolarised,pubertal,22
Immune_CD4_T_Unpolarised,postpubertal,2
Immune_CD4_Th17,Adult,6735
Immune_CD4_Th17,paediatric,36
Immune_CD4_Th17,pubertal,16
Immune_CD4_Th17,postpubertal,10
Immune_CD4_Th17,Fetal,5
Immune_CD4_Th17_SCMlike,Adult,5094
Immune_CD4_Th17_SCMlike,Fetal,23
Immune_CD4_Th17_SCMlike,paediatric,9
Immune_CD4_Th17_SCMlike,pubertal,4
Immune_CD4_Treg,Adult,3664
Immune_CD4_Treg,Fetal,27
Immune_CD4_Treg,paediatric,3
Immune_CD4_Treg,pubertal,1
Immune_CD4_Treg_Cyc,Adult,112
Immune_CD4_Treg_Cyc,Fetal,2
Immune_CD8_NaiveT,Adult,2485
Immune_CD8_NaiveT,Fetal,59
Immune_CD8_NaiveT,pubertal,4
Immune_CD8_NaiveT,paediatric,3
Immune_CD8_T_EM,Adult,3939
Immune_CD8_T_EM,paediatric,50
Immune_CD8_T_EM,pubertal,28
Immune_CD8_T_EM,Fetal,3
Immune_CD8_T_EM,postpubertal,2
Immune_CD8_T_RM,Adult,15103
Immune_CD8_T_RM,pubertal,11
Immune_CD8_T_RM,Fetal,8
Immune_CD8_T_RM,paediatric,8
Immune_CD8_T_RM,postpubertal,1
Immune_CD8_T_RM_GZMKhi,Adult,25372
Immune_CD8_T_RM_GZMKhi,paediatric,55
Immune_CD8_T_RM_GZMKhi,pubertal,39
Immune_CD8_T_RM_GZMKhi,Fetal,29
Immune_CD8_T_RM_GZMKhi,postpubertal,7
Immune_EarlyMidErythroid,Fetal,55
Immune_HPC,Fetal,207
Immune_HPC,Adult,4
Immune_ILC3_NCRhi,Adult,2333
Immune_ILC3_NCRhi,Fetal,177
Immune_ILC3_NCRhi,paediatric,4
Immune_ILC3_NCRhi,pubertal,3
Immune_ILC3_NCRlo,Adult,316
Immune_ILC3_NCRlo,Fetal,5
Immune_ImmatureB,Fetal,364
Immune_ImmatureB,Adult,22
Immune_ImmatureB,pubertal,1
Immune_LargePreB,Fetal,297
Immune_LargePreB,Adult,8
Immune_LateErythroid,Fetal,54
Immune_LateErythroid,Adult,3
Immune_MAIT,Adult,3690
Immune_MAIT,Fetal,28
Immune_MAIT,paediatric,12
Immune_MAIT,pubertal,3
Immune_MEMP,Fetal,220
Immune_MEMP,Adult,30
Immune_MO_Classical,Adult,12281
Immune_MO_Classical,Fetal,1396
Immune_MO_Classical,paediatric,74
Immune_MO_Classical,pubertal,8
Immune_MO_NonClassical,Adult,2089
Immune_MO_NonClassical,Fetal,18
Immune_MO_NonClassical,paediatric,15
Immune_Mac_Cyc,Adult,1595
Immune_Mac_Cyc,Fetal,898
Immune_Mac_Cyc,paediatric,59
Immune_Mac_Cyc,pubertal,8
Immune_Mac_LYVE1hi,Adult,11961
Immune_Mac_LYVE1hi,Fetal,4438
Immune_Mac_LYVE1hi,paediatric,306
Immune_Mac_LYVE1hi,pubertal,74
Immune_Mac_LYVE1hi,postpubertal,4
Immune_Mac_Transitional,Adult,1147
Immune_Mac_Transitional,Fetal,433
Immune_Mac_Transitional,paediatric,207
Immune_Mast,Adult,5333
Immune_Mast,Fetal,110
Immune_Mast,postpubertal,3
Immune_Mast,pubertal,2
Immune_Mast,paediatric,1
Immune_MegaPlat,Fetal,176
Immune_MegaPlat,Adult,1
Immune_MemoryB,Adult,4507
Immune_MemoryB,Fetal,27
Immune_MemoryB,paediatric,4
Immune_MemoryB,pubertal,4
Immune_NKT_γδT_Vδ1,Adult,2746
Immune_NKT_γδT_Vδ1,paediatric,51
Immune_NKT_γδT_Vδ1,pubertal,25
Immune_NKT_γδT_Vδ1,Fetal,12
Immune_NKT_γδT_Vδ1,postpubertal,2
Immune_NK_CD16hi,Adult,4957
Immune_NK_CD16hi,Fetal,137
Immune_NK_CD16hi,paediatric,49
Immune_NK_CD16hi,pubertal,29
Immune_NK_CD16hi,postpubertal,3
Immune_NK_CD56dim_CD16dim_SPTSSBhi,Adult,475
Immune_NK_CD56dim_CD16dim_SPTSSBhi,Fetal,5
Immune_NK_Cyc,Adult,3409
Immune_NK_Cyc,Fetal,90
Immune_NK_Cyc,paediatric,4
Immune_NMP_Promyelocytes,Fetal,274
Immune_NMP_Promyelocytes,Adult,9
Immune_NMP_Promyelocytes,paediatric,3
Immune_NaiveB,Adult,2051
Immune_NaiveB,Fetal,18
Immune_NaiveB,paediatric,6
Immune_NaiveB,pubertal,1
Immune_Neutrophils,Adult,45
Immune_Plasma_κ,Adult,2313
Immune_Plasma_κ,pubertal,1
Immune_Plasma_λ,Adult,1781
Immune_Plasma_λ,pubertal,1
Immune_ProB,Fetal,161
Immune_ProB,Adult,6
Immune_SmallPreB,Fetal,274
Immune_SmallPreB,Adult,7
Immune_T_Cyc,Adult,2129
Immune_T_Cyc,Fetal,74
Immune_T_Cyc,paediatric,4
Immune_T_Cyc,pubertal,1
Immune_cDC1,Adult,1008
Immune_cDC1,Fetal,62
Immune_cDC1,paediatric,2
Immune_cDC1,pubertal,1
Immune_cDC2,Adult,3019
Immune_cDC2,Fetal,279
Immune_cDC2,paediatric,132
Immune_cDC2,pubertal,25
Immune_cDC2,postpubertal,2
Immune_cDC2_CD207hi,Adult,1489
Immune_cDC2_CD207hi,Fetal,38
Immune_cDC2_CD207hi,paediatric,5
Immune_cDC2_CD207hi,pubertal,1
Immune_mregDC,Adult,1558
Immune_mregDC,Fetal,10
Immune_mregDC,paediatric,9
Immune_oLAM,Adult,223
Immune_oLAM,paediatric,85
Immune_oLAM,Fetal,13
Immune_pDC,Adult,1142
Immune_pDC,Fetal,49
Immune_pDC,paediatric,12
Immune_tolDC,Adult,47
Immune_uMac_Inf,Adult,22964
Immune_uMac_Inf,Fetal,86
Immune_uMac_Inf,paediatric,16
Immune_uMac_Inf,pubertal,3
Immune_uNK1,Adult,3543
Immune_uNK2,Adult,12223
Immune_uNK2,Fetal,14
Immune_uNK2,paediatric,5
Immune_uNK2,pubertal,3
Immune_uNK3,Adult,10168
Immune_uNK3,Fetal,480
Immune_uNK3,paediatric,38
Immune_uNK3,postpubertal,1
Immune_uNK3,pubertal,1
Immune_uftLAM,Adult,2580
Immune_uftLAM,Fetal,177
Immune_uftLAM,paediatric,3
Immune_γδT_Vγ9Vδ2,Fetal,727
Immune_γδT_Vγ9Vδ2,Adult,53
Immune_γδT_Vγ9Vδ2,paediatric,1
Mesen_AdvFibs,Adult,19
Mesen_AdvFibsIntr,Adult,28505
Mesen_AdvFibsIntr,paediatric,4010
Mesen_AdvFibsIntr,pubertal,1262
Mesen_AdvFibsIntr,postpubertal,18
Mesen_AdvFibs_PI16hi,Adult,3030
Mesen_AdvFibs_PI16hi,paediatric,2
Mesen_AdvFibs_PI16low,Adult,18020
Mesen_AdvFibs_PI16low,paediatric,333
Mesen_AdvFibs_PI16low,pubertal,7
Mesen_CervixFib_Fetal,Fetal,11916
Mesen_CervixFibs,Adult,452
Mesen_CervixVaginaSMCs_Fetal,Fetal,11569
Mesen_CorpusCavernosumFib_Fetal,Fetal,9472
Mesen_CorpusSpongiosumFib_Fetal,Fetal,10169
Mesen_EndoGlandBas,Adult,535
Mesen_EndoStromalFib_Menopause,Adult,2855
Mesen_EndoStromalFib_MenstrualEutopic,Adult,13034
Mesen_EndoStromalFib_MenstrualFluid,Adult,27092
Mesen_EndoStromalFib_Prolif,Adult,164476
Mesen_EndoStromalFib_Prolif_Cyc,Adult,32491
Mesen_EndoStromalFib_eSec,Adult,17251
Mesen_EndoStromalFib_lSec,Adult,36137
Mesen_EndoStromalFib_mSec,Adult,103861
Mesen_EndoStromalFib_nEMC,Adult,48007
Mesen_EndoStromalFib_nEMC_Cyc,Adult,12895
Mesen_EndoStromalFib_nEMC_Sec,Adult,50283
Mesen_EpoophronFib_Fetal,Fetal,13877
Mesen_FallopianFib_Fetal,Fetal,41092
Mesen_FallopianFibs,Adult,64649
Mesen_FallopianLig_Fetal,Fetal,18265
Mesen_FallopianSMCs_Fetal,Fetal,8413
Mesen_GlansFib_Fetal,Fetal,5416
Mesen_GonadalFibs_Undiff,Fetal,26055
Mesen_LabiaFib_Fetal,Fetal,1794
Mesen_LabioScrotalSwelling_Fetal,Fetal,6830
Mesen_MesonephricFibs_Fetal,Fetal,28521
Mesen_MullerianFib,Fetal,2471
Mesen_OvarianFibs_AdvLike,Adult,406
Mesen_OvarianFibs_AdvLike,paediatric,63
Mesen_OvarianFibs_AdvLike,pubertal,36
Mesen_OvarianFibs_AdvLike,postpubertal,2
Mesen_OvarianFibs_Fetal,Fetal,32133
Mesen_OvarianFibs_InncorMedulla,paediatric,49456
Mesen_OvarianFibs_InncorMedulla,Adult,43873
Mesen_OvarianFibs_InncorMedulla,pubertal,31240
Mesen_OvarianFibs_InncorMedulla,postpubertal,1416
Mesen_OvarianFibs_Medulla_SMCsLike,Adult,6806
Mesen_OvarianFibs_Medulla_SMCsLike,pubertal,4579
Mesen_OvarianFibs_Medulla_SMCsLike,paediatric,1687
Mesen_OvarianFibs_Medulla_SMCsLike,postpubertal,633
Mesen_OvarianFibs_Outcor,pubertal,13693
Mesen_OvarianFibs_Outcor,paediatric,4058
Mesen_OvarianFibs_Outcor,Adult,2780
Mesen_OvarianFibs_Outcor,postpubertal,903
Mesen_OvarianFibs_Perifol,paediatric,26907
Mesen_OvarianFibs_Perifol,pubertal,8398
Mesen_OvarianFibs_Perifol,Adult,7715
Mesen_OvarianFibs_Perifol,postpubertal,1391
Mesen_OvarianInclFibs,Adult,83
Mesen_OvarianInclFibs,postpubertal,12
Mesen_OvarianInclFibs,pubertal,1
Mesen_PV_Fetal,Fetal,28897
Mesen_Pericyte,Adult,32481
Mesen_Pericyte,paediatric,3886
Mesen_Pericyte,pubertal,2337
Mesen_Pericyte,postpubertal,200
Mesen_Pericyte_Cyc,Adult,4406
Mesen_Pericyte_Cyc,paediatric,108
Mesen_Pericyte_Cyc,pubertal,7
Mesen_Pericyte_Cyc,postpubertal,1
Mesen_Pericyte_EndoSpiralArt,Adult,6352
Mesen_Pericyte_EndoSpiralArt,paediatric,170
Mesen_Pericyte_EndoSpiralArt,pubertal,88
Mesen_Pericyte_EndoSpiralArt,postpubertal,7
Mesen_Pericyte_EndoStromalLike,Adult,10229
Mesen_Pericyte_EndoStromalLike_MenstrualFluid,Adult,1272
Mesen_Pericyte_SMCsIntr,Adult,8108
Mesen_Pericyte_SMCsIntr,paediatric,46
Mesen_Pericyte_SMCsIntr,pubertal,13
Mesen_Prepuce_Fetal,Fetal,2243
Mesen_SMCs,Adult,41382
Mesen_SMCs,paediatric,88
Mesen_SMCs,pubertal,18
Mesen_Theca_Atretic,Adult,3145
Mesen_Theca_Atretic,paediatric,84
Mesen_Theca_Atretic,pubertal,9
Mesen_Theca_Atretic,postpubertal,1
Mesen_Theca_Externa,Adult,15279
Mesen_Theca_Externa,paediatric,13260
Mesen_Theca_Externa,pubertal,1221
Mesen_Theca_Externa,postpubertal,329
Mesen_Theca_Interna_Cyc,Adult,8449
Mesen_Theca_Interna_Cyc,paediatric,771
Mesen_Theca_Interna_Cyc,pubertal,146
Mesen_Theca_Interna_Perifol,Adult,2994
Mesen_Theca_Interna_Perifol,paediatric,2000
Mesen_Theca_Interna_Perifol,pubertal,150
Mesen_Theca_Interna_Perifol,postpubertal,4
Mesen_Theca_Interna_Steroid,Adult,5844
Mesen_Theca_Interna_Steroid,paediatric,1939
Mesen_Theca_Interna_Steroid,pubertal,639
Mesen_Theca_Interna_Steroid,postpubertal,6
Mesen_UGSFib_Lower,Fetal,6277
Mesen_UGSFib_Upper,Fetal,11402
Mesen_UGSLig,Fetal,2661
Mesen_UGSSMCs,Fetal,383
Mesen_UterotubalJunctionFibs,Adult,150
Mesen_UterusFibs_Fetal,Fetal,29462
Mesen_UterusLig_Fetal,Fetal,12364
Mesen_UterusSMCs_Fetal,Fetal,7550
Mesen_VaginaFib_Lower_Fetal,Fetal,645
Mesen_VaginaFibs,Adult,1463
Mesen_VaginaFibs_Upper_Fetal,Fetal,7925
Mesen_VaginaSMCs_Lower_Fetal,Fetal,1311
Mesen_vSMCs_largeArt,Adult,33579
Mesen_vSMCs_largeArt,paediatric,76
Mesen_vSMCs_largeArt,pubertal,19
Mesen_vSMCs_largeArt,postpubertal,4
Mesen_vSMCs_medArt,Adult,35240
Mesen_vSMCs_medArt,paediatric,8584
Mesen_vSMCs_medArt,pubertal,6871
Mesen_vSMCs_medArt,postpubertal,446
Meso_GonadalCoelEpi,Fetal,2840
Meso_OSE,Adult,819
Meso_OSE,paediatric,20
Meso_OSE,postpubertal,1
Meso_OSE,pubertal,1
Meso_OSE_Fetal,Fetal,23115
Meso_ParamesoCoelEpi,Fetal,8490
Meso_Peritoneal_Fetal,Fetal,4720
Meso_serosa,Adult,453
Neural_Melanocyte_Fetal,Fetal,88
Neural_Schwann,paediatric,395
Neural_Schwann,Adult,314
Neural_Schwann,pubertal,71
Neural_Schwann,postpubertal,1
Neural_Schwann_Cyc,Fetal,2401
Neural_Schwann_Fetal,Fetal,5801
Neural_Schwann_Immature,Fetal,35
Neural_Schwann_Precursor,Fetal,847
Neural_Schwann_myelinating,Adult,14
Neural_Schwann_myelinating,paediatric,7
Neural_Schwann_myelinating,pubertal,1
Neural_SympatheticNeurons_Immature,Fetal,4469
Neural_SympatheticNeurons_Immature_Cyc,Fetal,394
Neural_SympatheticNeurons_Noradrenergic,Fetal,246
